{"cameraMode":{"drawMode":0,"name":"Shaded","section":"Shading Mode"},"sceneLighting":false,"audioPlay":false,"sceneViewState":{"showFog":false,"showMaterialUpdate":false,"showSkybox":false,"showFlares":false,"showImageEffects":false,"showParticleSystems":false},"in2DMode":false,"pivot":{"x":0.0,"y":-0.004224107600748539,"z":0.0031959530897438528},"rotation":{"x":-0.04061320051550865,"y":-0.09518025070428848,"z":0.0038863755762577059,"w":-0.9946325421333313},"size":0.04984152317047119,"orthographic":false}