{"cameraMode":{"drawMode":0,"name":"Shaded","section":"Shading Mode"},"sceneLighting":true,"audioPlay":false,"sceneViewState":{"showFog":false,"showMaterialUpdate":false,"showSkybox":true,"showFlares":false,"showImageEffects":false,"showParticleSystems":false},"in2DMode":false,"pivot":{"x":0.0,"y":2.9609999656677248,"z":0.011999987065792084},"rotation":{"x":-0.16287200152873994,"y":-0.6118257641792297,"z":0.1305970400571823,"w":-0.7629584074020386},"size":1.4149279594421387,"orthographic":false}