{"cameraMode":{"drawMode":0,"name":"Shaded","section":"Shading Mode"},"sceneLighting":true,"audioPlay":false,"sceneViewState":{"showFog":false,"showMaterialUpdate":false,"showSkybox":true,"showFlares":false,"showImageEffects":false,"showParticleSystems":false},"in2DMode":false,"pivot":{"x":-0.15562744438648225,"y":2.1109607219696047,"z":1.9912577867507935},"rotation":{"x":-0.6696902513504028,"y":-0.006241625640541315,"z":0.005627524107694626,"w":-0.7426127791404724},"size":1.9344608783721924,"orthographic":false}