{"cameraMode":{"drawMode":0,"name":"Shaded","section":"Shading Mode"},"sceneLighting":true,"audioPlay":false,"sceneViewState":{"showFog":false,"showMaterialUpdate":false,"showSkybox":true,"showFlares":false,"showImageEffects":false,"showParticleSystems":false},"in2DMode":false,"pivot":{"x":-2.8496663570404054,"y":2.316723108291626,"z":2.105226516723633},"rotation":{"x":-0.15467119216918946,"y":0.25528863072395327,"z":-0.04141165688633919,"w":-0.9535239934921265},"size":4.800201416015625,"orthographic":false}