{"cameraMode":{"drawMode":0,"name":"Shaded","section":"Shading Mode"},"sceneLighting":true,"audioPlay":false,"sceneViewState":{"showFog":false,"showMaterialUpdate":false,"showSkybox":true,"showFlares":false,"showImageEffects":false,"showParticleSystems":false},"in2DMode":false,"pivot":{"x":-0.053371481597423556,"y":0.5147296190261841,"z":2.8350844383239748},"rotation":{"x":-0.3775596022605896,"y":0.025547046214342119,"z":-0.010425888001918793,"w":-0.9255857467651367},"size":5.846286773681641,"orthographic":false}